"0","dat_list$dept_id <- rep(1:6, each = 2)"
"0","m11.8 <- ulam("
"0","  alist("
"0","    admit ~ dbinom(applications, p),"
"0","    logit(p) <- a[gid] + delta[dept_id],"
"0","    a[gid] ~ dnorm(0, 1.5),"
"0","    delta[dept_id] ~ dnorm(0, 1.5)"
"0","  ), data = dat_list, chains = 4, iter = 4000"
"0",")"
"2","Compiling Stan program...
"
"1",""
"1",""
"1","-"
"1",""
"1",""
"1",""
"1",""
"1","\"
"1",""
"1",""
"1",""
"1",""
"1","|"
"1",""
"1",""
"1",""
"1",""
"1","/"
"1",""
"1",""
"2","Warning in '/var/folders/mm/1f07t6b52_5cp3r1k03vcnvh0000gn/T/RtmpYQbYJK/model-d82f65ab7fec.stan', line 2, column 4: Declaration
    of arrays by placing brackets after a variable name is deprecated and
    will be removed in Stan 2.32.0. Instead use the array keyword before the
    type. This can be changed automatically using the auto-format flag to
    stanc
Warning in '/var/folders/mm/1f07t6b52_5cp3r1k03vcnvh0000gn/T/RtmpYQbYJK/model-d82f65ab7fec.stan', line 3, column 4: Declaration
    of arrays by placing brackets after a variable name is deprecated and
    will be removed in Stan 2.32.0. Instead use the array keyword before the
    type. This can be changed automatically using the auto-format flag to
    stanc
Warning in '/var/folders/mm/1f07t6b52_5cp3r1k03vcnvh0000gn/T/RtmpYQbYJK/model-d82f65ab7fec.stan', line 4, column 4: Declaration
    of arrays by placing brackets after a variable name is deprecated and
    will be removed in Stan 2.32.0. Instead use the array keyword before the
    type. This can be changed automatically using the auto-format flag to
    stanc
Warning in '/var/folders/mm/1f07t6b52_5cp3r1k03vcnvh0000gn/T/RtmpYQbYJK/model-d82f65ab7fec.stan', line 5, column 4: Declaration
    of arrays by placing brackets after a variable name is deprecated and
    will be removed in Stan 2.32.0. Instead use the array keyword before the
    type. This can be changed automatically using the auto-format flag to
    stanc

"
"1",""
"1",""
"1","-"
"1",""
"1",""
"1",""
"1",""
"1","\"
"1",""
"1",""
"1",""
"1",""
"1","|"
"1",""
"1",""
"1",""
"1",""
"1","/"
"1",""
"1",""
"1",""
"1",""
"1","-"
"1",""
"1",""
"1",""
"1",""
"1","\"
"1",""
"1",""
"1",""
"1",""
"1","|"
"1",""
"1",""
"1",""
"1",""
"1","/"
"1",""
"1",""
"1",""
"1",""
"1","-"
"1",""
"1",""
"1",""
"1",""
"1","\"
"1",""
"1",""
"1",""
"1",""
"1","|"
"1",""
"1",""
"1",""
"1",""
"1","/"
"1",""
"1",""
"1",""
"1",""
"1","-"
"1",""
"1",""
"1",""
"1",""
"1","\"
"1",""
"1",""
"1",""
"1",""
"1","|"
"1",""
"1",""
"1",""
"1",""
"1","/"
"1",""
"1",""
"1",""
"1",""
"1","-"
"1",""
"1",""
"1",""
"1",""
"1","\"
"1",""
"1",""
"1",""
"1",""
"1","|"
"1",""
"1",""
"1",""
"1",""
"1","/"
"1",""
"1",""
"1",""
"1",""
"1","-"
"1",""
"1",""
"1",""
"1",""
"1","\"
"1",""
"1",""
"1",""
"1",""
"1","|"
"1",""
"1",""
"1",""
"1",""
"1","/"
"1",""
"1",""
"1",""
"1",""
"1","-"
"1",""
"1",""
"1",""
"1",""
"1","\"
"1",""
"1",""
"1",""
"1",""
"1","|"
"1",""
"1",""
"1",""
"1",""
"1","/"
"1",""
"1",""
"1",""
"1",""
"1","-"
"1",""
"1",""
"1",""
"1",""
"1","\"
"1",""
"1",""
"1",""
"1",""
"1","|"
"1",""
"1",""
"1",""
"1",""
"1","/"
"1",""
"1",""
"1",""
"1",""
"1","-"
"1",""
"1",""
"1",""
"1",""
"1","\"
"1",""
"1",""
"1",""
"1",""
"1","|"
"1",""
"1",""
"1",""
"1",""
"1","/"
"1",""
"1",""
"1",""
"1",""
"1","-"
"1",""
"1",""
"1",""
"1",""
"1","\"
"1",""
"1",""
"1",""
"1",""
"1","|"
"1",""
"1",""
"1",""
"1",""
"1","/"
"1",""
"1",""
"1",""
"1",""
"1","-"
"1",""
"1",""
"1",""
"1",""
"1","\"
"1",""
"1",""
"1",""
"1",""
"1","|"
"1",""
"1",""
"1",""
"1",""
"1","/"
"1",""
"1",""
"1",""
"1",""
"1","-"
"1",""
"1",""
"1",""
"1",""
"1","\"
"1",""
"1",""
"1",""
"1",""
"1","|"
"1",""
"1",""
"1",""
"1",""
"1","/"
"1",""
"1",""
"1",""
"1",""
"1","-"
"1",""
"1",""
"1",""
"1",""
"1","\"
"1",""
"1",""
"1",""
"1",""
"1","|"
"1",""
"1",""
"1",""
"1",""
"1","/"
"1",""
"1",""
"1",""
"1",""
"1","-"
"1",""
"1",""
"1",""
"1",""
"1","\"
"1",""
"1",""
"1",""
"1",""
"1","|"
"1",""
"1",""
"1",""
"1",""
"1","/"
"1",""
"1",""
"1",""
"1",""
"1","-"
"1",""
"1",""
"1",""
"1",""
"1","\"
"1",""
"1",""
"1",""
"1",""
"1","|"
"1",""
"1",""
"1",""
"1",""
"1","/"
"1",""
"1",""
"1",""
"1",""
"1","-"
"1",""
"1",""
"1",""
"1",""
"1","\"
"1",""
"1",""
"1",""
"1",""
"1","|"
"1",""
"1",""
"1",""
"1",""
"1","/"
"1",""
"1",""
"1",""
"1",""
"1","-"
"1",""
"1",""
"1",""
"1",""
"1","\"
"1",""
"1",""
"1",""
"1",""
"1","|"
"1",""
"1",""
"1",""
"1",""
"1","/"
"1",""
"1",""
"1",""
"1",""
"1","-"
"1",""
"1",""
"1",""
"1",""
"1","\"
"1",""
"1",""
"1",""
"1",""
"1","|"
"1",""
"1",""
"1",""
"1",""
"1","/"
"1",""
"1",""
"1",""
"1",""
"1","-"
"1",""
"1",""
"1",""
"1",""
"1","\"
"1",""
"1",""
"1",""
"1",""
"1","|"
"1",""
"1",""
"1",""
"1",""
"1","/"
"1",""
"1",""
"1"," "
"1","Running MCMC with 4 sequential chains, with 1 thread(s) per chain...

"
"1","Chain"
"1"," "
"1","1"
"1"," "
"1","Iteration:    1 / 4000 [  0%]  (Warmup)"
"1"," "
"1","
"
"1","Chain"
"1"," "
"1","1"
"1"," "
"1","Iteration:  100 / 4000 [  2%]  (Warmup)"
"1"," "
"1","
"
"1","Chain"
"1"," "
"1","1"
"1"," "
"1","Iteration:  200 / 4000 [  5%]  (Warmup)"
"1"," "
"1","
"
"1","Chain"
"1"," "
"1","1"
"1"," "
"1","Iteration:  300 / 4000 [  7%]  (Warmup)"
"1"," "
"1","
"
"1","Chain"
"1"," "
"1","1"
"1"," "
"1","Iteration:  400 / 4000 [ 10%]  (Warmup)"
"1"," "
"1","
"
"1","Chain"
"1"," "
"1","1"
"1"," "
"1","Iteration:  500 / 4000 [ 12%]  (Warmup)"
"1"," "
"1","
"
"1","Chain"
"1"," "
"1","1"
"1"," "
"1","Iteration:  600 / 4000 [ 15%]  (Warmup)"
"1"," "
"1","
"
"1","Chain"
"1"," "
"1","1"
"1"," "
"1","Iteration:  700 / 4000 [ 17%]  (Warmup)"
"1"," "
"1","
"
"1","Chain"
"1"," "
"1","1"
"1"," "
"1","Iteration:  800 / 4000 [ 20%]  (Warmup)"
"1"," "
"1","
"
"1","Chain"
"1"," "
"1","1"
"1"," "
"1","Iteration:  900 / 4000 [ 22%]  (Warmup)"
"1"," "
"1","
"
"1","Chain"
"1"," "
"1","1"
"1"," "
"1","Iteration: 1000 / 4000 [ 25%]  (Warmup)"
"1"," "
"1","
"
"1","Chain"
"1"," "
"1","1"
"1"," "
"1","Iteration: 1100 / 4000 [ 27%]  (Warmup)"
"1"," "
"1","
"
"1","Chain"
"1"," "
"1","1"
"1"," "
"1","Iteration: 1200 / 4000 [ 30%]  (Warmup)"
"1"," "
"1","
"
"1","Chain"
"1"," "
"1","1"
"1"," "
"1","Iteration: 1300 / 4000 [ 32%]  (Warmup)"
"1"," "
"1","
"
"1","Chain"
"1"," "
"1","1"
"1"," "
"1","Iteration: 1400 / 4000 [ 35%]  (Warmup)"
"1"," "
"1","
"
"1","Chain"
"1"," "
"1","1"
"1"," "
"1","Iteration: 1500 / 4000 [ 37%]  (Warmup)"
"1"," "
"1","
"
"1","Chain"
"1"," "
"1","1"
"1"," "
"1","Iteration: 1600 / 4000 [ 40%]  (Warmup)"
"1"," "
"1","
"
"1","Chain"
"1"," "
"1","1"
"1"," "
"1","Iteration: 1700 / 4000 [ 42%]  (Warmup)"
"1"," "
"1","
"
"1","Chain"
"1"," "
"1","1"
"1"," "
"1","Iteration: 1800 / 4000 [ 45%]  (Warmup)"
"1"," "
"1","
"
"1","Chain"
"1"," "
"1","1"
"1"," "
"1","Iteration: 1900 / 4000 [ 47%]  (Warmup)"
"1"," "
"1","
"
"1","Chain"
"1"," "
"1","1"
"1"," "
"1","Iteration: 2000 / 4000 [ 50%]  (Warmup)"
"1"," "
"1","
"
"1","Chain"
"1"," "
"1","1"
"1"," "
"1","Iteration: 2001 / 4000 [ 50%]  (Sampling)"
"1"," "
"1","
"
"1","Chain"
"1"," "
"1","1"
"1"," "
"1","Iteration: 2100 / 4000 [ 52%]  (Sampling)"
"1"," "
"1","
"
"1","Chain"
"1"," "
"1","1"
"1"," "
"1","Iteration: 2200 / 4000 [ 55%]  (Sampling)"
"1"," "
"1","
"
"1","Chain"
"1"," "
"1","1"
"1"," "
"1","Iteration: 2300 / 4000 [ 57%]  (Sampling)"
"1"," "
"1","
"
"1","Chain"
"1"," "
"1","1"
"1"," "
"1","Iteration: 2400 / 4000 [ 60%]  (Sampling)"
"1"," "
"1","
"
"1","Chain"
"1"," "
"1","1"
"1"," "
"1","Iteration: 2500 / 4000 [ 62%]  (Sampling)"
"1"," "
"1","
"
"1","Chain"
"1"," "
"1","1"
"1"," "
"1","Iteration: 2600 / 4000 [ 65%]  (Sampling)"
"1"," "
"1","
"
"1","Chain"
"1"," "
"1","1"
"1"," "
"1","Iteration: 2700 / 4000 [ 67%]  (Sampling)"
"1"," "
"1","
"
"1","Chain"
"1"," "
"1","1"
"1"," "
"1","Iteration: 2800 / 4000 [ 70%]  (Sampling)"
"1"," "
"1","
"
"1","Chain"
"1"," "
"1","1"
"1"," "
"1","Iteration: 2900 / 4000 [ 72%]  (Sampling)"
"1"," "
"1","
"
"1","Chain"
"1"," "
"1","1"
"1"," "
"1","Iteration: 3000 / 4000 [ 75%]  (Sampling)"
"1"," "
"1","
"
"1","Chain"
"1"," "
"1","1"
"1"," "
"1","Iteration: 3100 / 4000 [ 77%]  (Sampling)"
"1"," "
"1","
"
"1","Chain"
"1"," "
"1","1"
"1"," "
"1","Iteration: 3200 / 4000 [ 80%]  (Sampling)"
"1"," "
"1","
"
"1","Chain"
"1"," "
"1","1"
"1"," "
"1","Iteration: 3300 / 4000 [ 82%]  (Sampling)"
"1"," "
"1","
"
"1","Chain"
"1"," "
"1","1"
"1"," "
"1","Iteration: 3400 / 4000 [ 85%]  (Sampling)"
"1"," "
"1","
"
"1","Chain"
"1"," "
"1","1"
"1"," "
"1","Iteration: 3500 / 4000 [ 87%]  (Sampling)"
"1"," "
"1","
"
"1","Chain"
"1"," "
"1","1"
"1"," "
"1","Iteration: 3600 / 4000 [ 90%]  (Sampling)"
"1"," "
"1","
"
"1","Chain"
"1"," "
"1","1"
"1"," "
"1","Iteration: 3700 / 4000 [ 92%]  (Sampling)"
"1"," "
"1","
"
"1","Chain"
"1"," "
"1","1"
"1"," "
"1","Iteration: 3800 / 4000 [ 95%]  (Sampling)"
"1"," "
"1","
"
"1","Chain"
"1"," "
"1","1"
"1"," "
"1","Iteration: 3900 / 4000 [ 97%]  (Sampling)"
"1"," "
"1","
"
"1","Chain"
"1"," "
"1","1"
"1"," "
"1","Iteration: 4000 / 4000 [100%]  (Sampling)"
"1"," "
"1","
"
"1","Chain"
"1"," "
"1","1"
"1"," "
"1","finished in"
"1"," "
"1","1.0"
"1"," "
"1","seconds.
"
"1","Chain"
"1"," "
"1","2"
"1"," "
"1","Iteration:    1 / 4000 [  0%]  (Warmup)"
"1"," "
"1","
"
"1","Chain"
"1"," "
"1","2"
"1"," "
"1","Iteration:  100 / 4000 [  2%]  (Warmup)"
"1"," "
"1","
"
"1","Chain"
"1"," "
"1","2"
"1"," "
"1","Iteration:  200 / 4000 [  5%]  (Warmup)"
"1"," "
"1","
"
"1","Chain"
"1"," "
"1","2"
"1"," "
"1","Iteration:  300 / 4000 [  7%]  (Warmup)"
"1"," "
"1","
"
"1","Chain"
"1"," "
"1","2"
"1"," "
"1","Iteration:  400 / 4000 [ 10%]  (Warmup)"
"1"," "
"1","
"
"1","Chain"
"1"," "
"1","2"
"1"," "
"1","Iteration:  500 / 4000 [ 12%]  (Warmup)"
"1"," "
"1","
"
"1","Chain"
"1"," "
"1","2"
"1"," "
"1","Iteration:  600 / 4000 [ 15%]  (Warmup)"
"1"," "
"1","
"
"1","Chain"
"1"," "
"1","2"
"1"," "
"1","Iteration:  700 / 4000 [ 17%]  (Warmup)"
"1"," "
"1","
"
"1","Chain"
"1"," "
"1","2"
"1"," "
"1","Iteration:  800 / 4000 [ 20%]  (Warmup)"
"1"," "
"1","
"
"1","Chain"
"1"," "
"1","2"
"1"," "
"1","Iteration:  900 / 4000 [ 22%]  (Warmup)"
"1"," "
"1","
"
"1","Chain"
"1"," "
"1","2"
"1"," "
"1","Iteration: 1000 / 4000 [ 25%]  (Warmup)"
"1"," "
"1","
"
"1","Chain"
"1"," "
"1","2"
"1"," "
"1","Iteration: 1100 / 4000 [ 27%]  (Warmup)"
"1"," "
"1","
"
"1","Chain"
"1"," "
"1","2"
"1"," "
"1","Iteration: 1200 / 4000 [ 30%]  (Warmup)"
"1"," "
"1","
"
"1","Chain"
"1"," "
"1","2"
"1"," "
"1","Iteration: 1300 / 4000 [ 32%]  (Warmup)"
"1"," "
"1","
"
"1","Chain"
"1"," "
"1","2"
"1"," "
"1","Iteration: 1400 / 4000 [ 35%]  (Warmup)"
"1"," "
"1","
"
"1","Chain"
"1"," "
"1","2"
"1"," "
"1","Iteration: 1500 / 4000 [ 37%]  (Warmup)"
"1"," "
"1","
"
"1","Chain"
"1"," "
"1","2"
"1"," "
"1","Iteration: 1600 / 4000 [ 40%]  (Warmup)"
"1"," "
"1","
"
"1","Chain"
"1"," "
"1","2"
"1"," "
"1","Iteration: 1700 / 4000 [ 42%]  (Warmup)"
"1"," "
"1","
"
"1","Chain"
"1"," "
"1","2"
"1"," "
"1","Iteration: 1800 / 4000 [ 45%]  (Warmup)"
"1"," "
"1","
"
"1","Chain"
"1"," "
"1","2"
"1"," "
"1","Iteration: 1900 / 4000 [ 47%]  (Warmup)"
"1"," "
"1","
"
"1","Chain"
"1"," "
"1","2"
"1"," "
"1","Iteration: 2000 / 4000 [ 50%]  (Warmup)"
"1"," "
"1","
"
"1","Chain"
"1"," "
"1","2"
"1"," "
"1","Iteration: 2001 / 4000 [ 50%]  (Sampling)"
"1"," "
"1","
"
"1","Chain"
"1"," "
"1","2"
"1"," "
"1","Iteration: 2100 / 4000 [ 52%]  (Sampling)"
"1"," "
"1","
"
"1","Chain"
"1"," "
"1","2"
"1"," "
"1","Iteration: 2200 / 4000 [ 55%]  (Sampling)"
"1"," "
"1","
"
"1","Chain"
"1"," "
"1","2"
"1"," "
"1","Iteration: 2300 / 4000 [ 57%]  (Sampling)"
"1"," "
"1","
"
"1","Chain"
"1"," "
"1","2"
"1"," "
"1","Iteration: 2400 / 4000 [ 60%]  (Sampling)"
"1"," "
"1","
"
"1","Chain"
"1"," "
"1","2"
"1"," "
"1","Iteration: 2500 / 4000 [ 62%]  (Sampling)"
"1"," "
"1","
"
"1","Chain"
"1"," "
"1","2"
"1"," "
"1","Iteration: 2600 / 4000 [ 65%]  (Sampling)"
"1"," "
"1","
"
"1","Chain"
"1"," "
"1","2"
"1"," "
"1","Iteration: 2700 / 4000 [ 67%]  (Sampling)"
"1"," "
"1","
"
"1","Chain"
"1"," "
"1","2"
"1"," "
"1","Iteration: 2800 / 4000 [ 70%]  (Sampling)"
"1"," "
"1","
"
"1","Chain"
"1"," "
"1","2"
"1"," "
"1","Iteration: 2900 / 4000 [ 72%]  (Sampling)"
"1"," "
"1","
"
"1","Chain"
"1"," "
"1","2"
"1"," "
"1","Iteration: 3000 / 4000 [ 75%]  (Sampling)"
"1"," "
"1","
"
"1","Chain"
"1"," "
"1","2"
"1"," "
"1","Iteration: 3100 / 4000 [ 77%]  (Sampling)"
"1"," "
"1","
"
"1","Chain"
"1"," "
"1","2"
"1"," "
"1","Iteration: 3200 / 4000 [ 80%]  (Sampling)"
"1"," "
"1","
"
"1","Chain"
"1"," "
"1","2"
"1"," "
"1","Iteration: 3300 / 4000 [ 82%]  (Sampling)"
"1"," "
"1","
"
"1","Chain"
"1"," "
"1","2"
"1"," "
"1","Iteration: 3400 / 4000 [ 85%]  (Sampling)"
"1"," "
"1","
"
"1","Chain"
"1"," "
"1","2"
"1"," "
"1","Iteration: 3500 / 4000 [ 87%]  (Sampling)"
"1"," "
"1","
"
"1","Chain"
"1"," "
"1","2"
"1"," "
"1","Iteration: 3600 / 4000 [ 90%]  (Sampling)"
"1"," "
"1","
"
"1","Chain"
"1"," "
"1","2"
"1"," "
"1","Iteration: 3700 / 4000 [ 92%]  (Sampling)"
"1"," "
"1","
"
"1","Chain"
"1"," "
"1","2"
"1"," "
"1","Iteration: 3800 / 4000 [ 95%]  (Sampling)"
"1"," "
"1","
"
"1","Chain"
"1"," "
"1","2"
"1"," "
"1","Iteration: 3900 / 4000 [ 97%]  (Sampling)"
"1"," "
"1","
"
"1","Chain"
"1"," "
"1","2"
"1"," "
"1","Iteration: 4000 / 4000 [100%]  (Sampling)"
"1"," "
"1","
"
"1","Chain"
"1"," "
"1","2"
"1"," "
"1","finished in"
"1"," "
"1","0.9"
"1"," "
"1","seconds.
"
"1","Chain"
"1"," "
"1","3"
"1"," "
"1","Iteration:    1 / 4000 [  0%]  (Warmup)"
"1"," "
"1","
"
"1","Chain"
"1"," "
"1","3"
"1"," "
"1","Iteration:  100 / 4000 [  2%]  (Warmup)"
"1"," "
"1","
"
"1","Chain"
"1"," "
"1","3"
"1"," "
"1","Iteration:  200 / 4000 [  5%]  (Warmup)"
"1"," "
"1","
"
"1","Chain"
"1"," "
"1","3"
"1"," "
"1","Iteration:  300 / 4000 [  7%]  (Warmup)"
"1"," "
"1","
"
"1","Chain"
"1"," "
"1","3"
"1"," "
"1","Iteration:  400 / 4000 [ 10%]  (Warmup)"
"1"," "
"1","
"
"1","Chain"
"1"," "
"1","3"
"1"," "
"1","Iteration:  500 / 4000 [ 12%]  (Warmup)"
"1"," "
"1","
"
"1","Chain"
"1"," "
"1","3"
"1"," "
"1","Iteration:  600 / 4000 [ 15%]  (Warmup)"
"1"," "
"1","
"
"1","Chain"
"1"," "
"1","3"
"1"," "
"1","Iteration:  700 / 4000 [ 17%]  (Warmup)"
"1"," "
"1","
"
"1","Chain"
"1"," "
"1","3"
"1"," "
"1","Iteration:  800 / 4000 [ 20%]  (Warmup)"
"1"," "
"1","
"
"1","Chain"
"1"," "
"1","3"
"1"," "
"1","Iteration:  900 / 4000 [ 22%]  (Warmup)"
"1"," "
"1","
"
"1","Chain"
"1"," "
"1","3"
"1"," "
"1","Iteration: 1000 / 4000 [ 25%]  (Warmup)"
"1"," "
"1","
"
"1","Chain"
"1"," "
"1","3"
"1"," "
"1","Iteration: 1100 / 4000 [ 27%]  (Warmup)"
"1"," "
"1","
"
"1","Chain"
"1"," "
"1","3"
"1"," "
"1","Iteration: 1200 / 4000 [ 30%]  (Warmup)"
"1"," "
"1","
"
"1","Chain"
"1"," "
"1","3"
"1"," "
"1","Iteration: 1300 / 4000 [ 32%]  (Warmup)"
"1"," "
"1","
"
"1","Chain"
"1"," "
"1","3"
"1"," "
"1","Iteration: 1400 / 4000 [ 35%]  (Warmup)"
"1"," "
"1","
"
"1","Chain"
"1"," "
"1","3"
"1"," "
"1","Iteration: 1500 / 4000 [ 37%]  (Warmup)"
"1"," "
"1","
"
"1","Chain"
"1"," "
"1","3"
"1"," "
"1","Iteration: 1600 / 4000 [ 40%]  (Warmup)"
"1"," "
"1","
"
"1","Chain"
"1"," "
"1","3"
"1"," "
"1","Iteration: 1700 / 4000 [ 42%]  (Warmup)"
"1"," "
"1","
"
"1","Chain"
"1"," "
"1","3"
"1"," "
"1","Iteration: 1800 / 4000 [ 45%]  (Warmup)"
"1"," "
"1","
"
"1","Chain"
"1"," "
"1","3"
"1"," "
"1","Iteration: 1900 / 4000 [ 47%]  (Warmup)"
"1"," "
"1","
"
"1","Chain"
"1"," "
"1","3"
"1"," "
"1","Iteration: 2000 / 4000 [ 50%]  (Warmup)"
"1"," "
"1","
"
"1","Chain"
"1"," "
"1","3"
"1"," "
"1","Iteration: 2001 / 4000 [ 50%]  (Sampling)"
"1"," "
"1","
"
"1","Chain"
"1"," "
"1","3"
"1"," "
"1","Iteration: 2100 / 4000 [ 52%]  (Sampling)"
"1"," "
"1","
"
"1","Chain"
"1"," "
"1","3"
"1"," "
"1","Iteration: 2200 / 4000 [ 55%]  (Sampling)"
"1"," "
"1","
"
"1","Chain"
"1"," "
"1","3"
"1"," "
"1","Iteration: 2300 / 4000 [ 57%]  (Sampling)"
"1"," "
"1","
"
"1","Chain"
"1"," "
"1","3"
"1"," "
"1","Iteration: 2400 / 4000 [ 60%]  (Sampling)"
"1"," "
"1","
"
"1","Chain"
"1"," "
"1","3"
"1"," "
"1","Iteration: 2500 / 4000 [ 62%]  (Sampling)"
"1"," "
"1","
"
"1","Chain"
"1"," "
"1","3"
"1"," "
"1","Iteration: 2600 / 4000 [ 65%]  (Sampling)"
"1"," "
"1","
"
"1","Chain"
"1"," "
"1","3"
"1"," "
"1","Iteration: 2700 / 4000 [ 67%]  (Sampling)"
"1"," "
"1","
"
"1","Chain"
"1"," "
"1","3"
"1"," "
"1","Iteration: 2800 / 4000 [ 70%]  (Sampling)"
"1"," "
"1","
"
"1","Chain"
"1"," "
"1","3"
"1"," "
"1","Iteration: 2900 / 4000 [ 72%]  (Sampling)"
"1"," "
"1","
"
"1","Chain"
"1"," "
"1","3"
"1"," "
"1","Iteration: 3000 / 4000 [ 75%]  (Sampling)"
"1"," "
"1","
"
"1","Chain"
"1"," "
"1","3"
"1"," "
"1","Iteration: 3100 / 4000 [ 77%]  (Sampling)"
"1"," "
"1","
"
"1","Chain"
"1"," "
"1","3"
"1"," "
"1","Iteration: 3200 / 4000 [ 80%]  (Sampling)"
"1"," "
"1","
"
"1","Chain"
"1"," "
"1","3"
"1"," "
"1","Iteration: 3300 / 4000 [ 82%]  (Sampling)"
"1"," "
"1","
"
"1","Chain"
"1"," "
"1","3"
"1"," "
"1","Iteration: 3400 / 4000 [ 85%]  (Sampling)"
"1"," "
"1","
"
"1","Chain"
"1"," "
"1","3"
"1"," "
"1","Iteration: 3500 / 4000 [ 87%]  (Sampling)"
"1"," "
"1","
"
"1","Chain"
"1"," "
"1","3"
"1"," "
"1","Iteration: 3600 / 4000 [ 90%]  (Sampling)"
"1"," "
"1","
"
"1","Chain"
"1"," "
"1","3"
"1"," "
"1","Iteration: 3700 / 4000 [ 92%]  (Sampling)"
"1"," "
"1","
"
"1","Chain"
"1"," "
"1","3"
"1"," "
"1","Iteration: 3800 / 4000 [ 95%]  (Sampling)"
"1"," "
"1","
"
"1","Chain"
"1"," "
"1","3"
"1"," "
"1","Iteration: 3900 / 4000 [ 97%]  (Sampling)"
"1"," "
"1","
"
"1","Chain"
"1"," "
"1","3"
"1"," "
"1","Iteration: 4000 / 4000 [100%]  (Sampling)"
"1"," "
"1","
"
"1","Chain"
"1"," "
"1","3"
"1"," "
"1","finished in"
"1"," "
"1","0.7"
"1"," "
"1","seconds.
"
"1","Chain"
"1"," "
"1","4"
"1"," "
"1","Iteration:    1 / 4000 [  0%]  (Warmup)"
"1"," "
"1","
"
"1","Chain"
"1"," "
"1","4"
"1"," "
"1","Iteration:  100 / 4000 [  2%]  (Warmup)"
"1"," "
"1","
"
"1","Chain"
"1"," "
"1","4"
"1"," "
"1","Iteration:  200 / 4000 [  5%]  (Warmup)"
"1"," "
"1","
"
"1","Chain"
"1"," "
"1","4"
"1"," "
"1","Iteration:  300 / 4000 [  7%]  (Warmup)"
"1"," "
"1","
"
"1","Chain"
"1"," "
"1","4"
"1"," "
"1","Iteration:  400 / 4000 [ 10%]  (Warmup)"
"1"," "
"1","
"
"1","Chain"
"1"," "
"1","4"
"1"," "
"1","Iteration:  500 / 4000 [ 12%]  (Warmup)"
"1"," "
"1","
"
"1","Chain"
"1"," "
"1","4"
"1"," "
"1","Iteration:  600 / 4000 [ 15%]  (Warmup)"
"1"," "
"1","
"
"1","Chain"
"1"," "
"1","4"
"1"," "
"1","Iteration:  700 / 4000 [ 17%]  (Warmup)"
"1"," "
"1","
"
"1","Chain"
"1"," "
"1","4"
"1"," "
"1","Iteration:  800 / 4000 [ 20%]  (Warmup)"
"1"," "
"1","
"
"1","Chain"
"1"," "
"1","4"
"1"," "
"1","Iteration:  900 / 4000 [ 22%]  (Warmup)"
"1"," "
"1","
"
"1","Chain"
"1"," "
"1","4"
"1"," "
"1","Iteration: 1000 / 4000 [ 25%]  (Warmup)"
"1"," "
"1","
"
"1","Chain"
"1"," "
"1","4"
"1"," "
"1","Iteration: 1100 / 4000 [ 27%]  (Warmup)"
"1"," "
"1","
"
"1","Chain"
"1"," "
"1","4"
"1"," "
"1","Iteration: 1200 / 4000 [ 30%]  (Warmup)"
"1"," "
"1","
"
"1","Chain"
"1"," "
"1","4"
"1"," "
"1","Iteration: 1300 / 4000 [ 32%]  (Warmup)"
"1"," "
"1","
"
"1","Chain"
"1"," "
"1","4"
"1"," "
"1","Iteration: 1400 / 4000 [ 35%]  (Warmup)"
"1"," "
"1","
"
"1","Chain"
"1"," "
"1","4"
"1"," "
"1","Iteration: 1500 / 4000 [ 37%]  (Warmup)"
"1"," "
"1","
"
"1","Chain"
"1"," "
"1","4"
"1"," "
"1","Iteration: 1600 / 4000 [ 40%]  (Warmup)"
"1"," "
"1","
"
"1","Chain"
"1"," "
"1","4"
"1"," "
"1","Iteration: 1700 / 4000 [ 42%]  (Warmup)"
"1"," "
"1","
"
"1","Chain"
"1"," "
"1","4"
"1"," "
"1","Iteration: 1800 / 4000 [ 45%]  (Warmup)"
"1"," "
"1","
"
"1","Chain"
"1"," "
"1","4"
"1"," "
"1","Iteration: 1900 / 4000 [ 47%]  (Warmup)"
"1"," "
"1","
"
"1","Chain"
"1"," "
"1","4"
"1"," "
"1","Iteration: 2000 / 4000 [ 50%]  (Warmup)"
"1"," "
"1","
"
"1","Chain"
"1"," "
"1","4"
"1"," "
"1","Iteration: 2001 / 4000 [ 50%]  (Sampling)"
"1"," "
"1","
"
"1","Chain"
"1"," "
"1","4"
"1"," "
"1","Iteration: 2100 / 4000 [ 52%]  (Sampling)"
"1"," "
"1","
"
"1","Chain"
"1"," "
"1","4"
"1"," "
"1","Iteration: 2200 / 4000 [ 55%]  (Sampling)"
"1"," "
"1","
"
"1","Chain"
"1"," "
"1","4"
"1"," "
"1","Iteration: 2300 / 4000 [ 57%]  (Sampling)"
"1"," "
"1","
"
"1","Chain"
"1"," "
"1","4"
"1"," "
"1","Iteration: 2400 / 4000 [ 60%]  (Sampling)"
"1"," "
"1","
"
"1","Chain"
"1"," "
"1","4"
"1"," "
"1","Iteration: 2500 / 4000 [ 62%]  (Sampling)"
"1"," "
"1","
"
"1","Chain"
"1"," "
"1","4"
"1"," "
"1","Iteration: 2600 / 4000 [ 65%]  (Sampling)"
"1"," "
"1","
"
"1","Chain"
"1"," "
"1","4"
"1"," "
"1","Iteration: 2700 / 4000 [ 67%]  (Sampling)"
"1"," "
"1","
"
"1","Chain"
"1"," "
"1","4"
"1"," "
"1","Iteration: 2800 / 4000 [ 70%]  (Sampling)"
"1"," "
"1","
"
"1","Chain"
"1"," "
"1","4"
"1"," "
"1","Iteration: 2900 / 4000 [ 72%]  (Sampling)"
"1"," "
"1","
"
"1","Chain"
"1"," "
"1","4"
"1"," "
"1","Iteration: 3000 / 4000 [ 75%]  (Sampling)"
"1"," "
"1","
"
"1","Chain"
"1"," "
"1","4"
"1"," "
"1","Iteration: 3100 / 4000 [ 77%]  (Sampling)"
"1"," "
"1","
"
"1","Chain"
"1"," "
"1","4"
"1"," "
"1","Iteration: 3200 / 4000 [ 80%]  (Sampling)"
"1"," "
"1","
"
"1","Chain"
"1"," "
"1","4"
"1"," "
"1","Iteration: 3300 / 4000 [ 82%]  (Sampling)"
"1"," "
"1","
"
"1","Chain"
"1"," "
"1","4"
"1"," "
"1","Iteration: 3400 / 4000 [ 85%]  (Sampling)"
"1"," "
"1","
"
"1","Chain"
"1"," "
"1","4"
"1"," "
"1","Iteration: 3500 / 4000 [ 87%]  (Sampling)"
"1"," "
"1","
"
"1","Chain"
"1"," "
"1","4"
"1"," "
"1","Iteration: 3600 / 4000 [ 90%]  (Sampling)"
"1"," "
"1","
"
"1","Chain"
"1"," "
"1","4"
"1"," "
"1","Iteration: 3700 / 4000 [ 92%]  (Sampling)"
"1"," "
"1","
"
"1","Chain"
"1"," "
"1","4"
"1"," "
"1","Iteration: 3800 / 4000 [ 95%]  (Sampling)"
"1"," "
"1","
"
"1","Chain"
"1"," "
"1","4"
"1"," "
"1","Iteration: 3900 / 4000 [ 97%]  (Sampling)"
"1"," "
"1","
"
"1","Chain"
"1"," "
"1","4"
"1"," "
"1","Iteration: 4000 / 4000 [100%]  (Sampling)"
"1"," "
"1","
"
"1","Chain"
"1"," "
"1","4"
"1"," "
"1","finished in"
"1"," "
"1","0.7"
"1"," "
"1","seconds.
"
"1","
All"
"1"," "
"1","4"
"1"," "
"1","chains finished successfully.
"
"1","Mean chain execution time:"
"1"," "
"1","0.8"
"1"," "
"1","seconds.
"
"1","Total execution time:"
"1"," "
"1","3.6"
"1"," "
"1","seconds.

"
"0","precis(m11.8, depth = 2)"
